"","Df","SumOfSqs","R2","F","Pr(>F)"
"Model",9,3.88508727494882,0.30660252763973,3.73391613668117,1e-04
"Residual",76,8.78632579152776,0.69339747236027,NA,NA
"Total",85,12.6714130664766,1,NA,NA
